JOB;EYE;TIMESTAMP;LMMEASDONE;POLAR;TINT;CRIB;LTYPE;LDVEN;LNAME;ENGLOC;LIND;SBOCIN;SBOCUP;ERDRIN;ERDRUP;ERNRIN;ERNRUP;BEROCIN;BEROCUP;BEROCA;LDDRSPH;LDDRCYL;LDDRAX;LDNRSPH;LDNRCYL;LDNRAX;LDPRSPH;LDPRCYL;LDPRAX;LDPRVH;LDPRVV;LDADD;INSDRSPH;INSDRCYL;INSDRAX;INSDRPRVH;INSDRPRVV;INSNRSPH;INSNRCYL;INSNRAX;INSNRPRVH;INSNRPRVV;INSPRSPH;INSPRCYL;INSPRAX;INSPRVH;INSPRVV;INSADD;POS34VALID;POS34X;POS34Y;POS34T;TPERR34X;TPERR34Y;TPERR34T;POS34MANU;POSPEVALID;POSPEX;POSPEY;POSPET;TPERRPEX;TPERRPEY;TPERRPET;PEDIST;POSPEID;DBPVALID;DBPX;DBPY;DBPT;DBPFE;DBPSE;CCPOSPRPX;CCPOSPRPY;CCPOSPRPT;CCPOSPRPP;CCPOSDRPX;CCPOSDRPY;CCPOSDRPT;CCPOSDRPP;CCPOSNRPX;CCPOSNRPY;CCPOSNRPT;CCPOSNRPP;CCPOSDBPPRPX;CCPOSDBPPRPY;CCPOSDBPPRPT;CCPOSDBPPRPP;CCPOSDBPDRPX;CCPOSDBPDRPY;CCPOSDBPDRPT;CCPOSDBPDRPP;CCPOSDBPNRPX;CCPOSDBPNRPY;CCPOSDBPNRPT;CCPOSDBPNRPP;LFRAMEORX;LFRAMEORY;LFRAMEORZ;LFRAMEXX;LFRAMEXY;LFRAMEXZ;LFRAMEYX;LFRAMEYY;LFRAMEYZ;LFRAMEZX;LFRAMEZY;LFRAMEZZ;LFRAMEDBPORX;LFRAMEDBPORY;LFRAMEDBPORZ;LFRAMEDBPXX;LFRAMEDBPXY;LFRAMEDBPXZ;LFRAMEDBPYX;LFRAMEDBPYY;LFRAMEDBPYZ;LFRAMEDBPZX;LFRAMEDBPZY;LFRAMEDBPZZ;LMFOALDDRSEQ;LMFOALDDRCYL;LMFOALDDRAX;LMFOALDNRSEQ;LMFOALDNRCYL;LMFOALDNRAX;INSGMC;INSAV;INSGMCDBP;INSAVDBP;INSEMDRSEQ;INSEMDRCYL;INSEMNRSEQ;INSEMNRCYL
1926101;L;2017-11-20_13.41.54;True;False;;61.4;PR FF;SHAMIR;71;B;1.733;1.825;4.278;0;10;2.133;-12;0;0;NaN;-10;0;0;-9;0;0;NaN;NaN;NaN;0;2.5;1;-10.0215;0.1165;89.142;0.3219;12.469;-8.9906;0.1424;4.242;-3.0452;6.0768;-9.9105;0.1348;74.02;0.2898;2.3544;1.0438;True;-0.0506049711879216;-0.0066603837099815;359.962274531887;-0.00255366471363933;-9.07598702611631E-19;0;1;False;999.9;999.9;999.9;4.40030545401565E-18;0.00499795250840439;0;49.5037;20217;True;-0.244928498200339;-0.151142637923005;1.12640766022813;0.104623993302179;0.0184536244063361;-0.011247254019916;-0.0319609986044805;2.03229704123175;119.204022071032;0.0161542904658547;9.57270455800654;9.85382933207297;95.6039993220606;-2.08127071565927;-11.683766345975;7.81962701376739;250.278895963543;0.23090567191316;0.110477402317648;2.05171270757217;112.680068661505;0.444711355428602;9.70741289372439;9.93810744449213;93.5005599562484;-2.07003897421552;-11.5014145820579;7.68968876128629;249.999039832827;-0.0404424012817106;0.0202683058508249;4.86494532464872;0.999869227298678;-0.00115772696150804;0.016130343128034;0.0011995653614497;0.999995941116605;-0.00258433613512047;-0.0161272857012309;0.00260334757538765;0.999866557715235;0.207552809873632;0.166357797464092;4.86852901590481;0.999655930254527;-0.0208116529102798;0.0159654693040486;0.0208525284896927;0.999779686444246;-0.0023980469203655;-0.0159120445745677;0.00273014222848596;0.999869668087231;-9.88583216369607;0.109642644381512;145.601035355212;-9.72814224628984;0.301380515582825;142.178187060038;0.12;-0.152;0.11;-0.156;-0.218;0.132;-0.092;0.082
1926101;R;2017-11-20_13.41.54;True;False;;61.4;PR FF;SHAMIR;71;B;1.733;1.837;4.304;0;10;1.967;-12;0;0;NaN;-10;0;0;-8;0;0;NaN;NaN;NaN;0;2.5;2;-9.9156;0.0355;102.204;0.0996;12.0412;-8.1008;0.3131;6.738;1.852;-8.0144;-9.5821;0.1149;146.134;0.1748;2.1734;1.9536;True;0;0;359.999999537122;0.00248181952216823;-1.80589041976295E-18;0;1;False;999.9;999.9;999.9;4.23241917066734E-18;0.00463631353313155;0;49.5012;20060;True;0.488725319613644;-0.541560902698247;-0.874413899179942;0.0816311539048085;0.0439159130911951;-0.0048837285826136;-0.044278597221956;2.27867897771334;62.4803412781743;-0.0165409301653842;9.57146729230378;10.014212900253;84.0716382343945;1.89117067445413;-11.7376154938584;6.75899207081595;291.068717692012;-0.490138768619454;0.477454403050528;2.5261290184292;74.8149852805048;-0.643307067717743;10.0714833268353;10.3921918880012;87.1601768952378;1.5881739169432;-11.1928889736808;6.353088921317;290.510572681377;0.025914696080346;0.0148351445761474;4.94546598838355;0.999901470707239;-0.000571295645870278;-0.0140257797924456;0.000406856608617418;0.999931187465949;-0.0117241119338153;0.0140315125770956;0.0117172502841586;0.999832897388647;-0.470624408729833;0.549350847128038;4.94593923013286;0.999797253715181;0.0146830512607878;-0.013778950223263;-0.0148484474446492;0.999817996994204;-0.011979002253136;0.0136005541087697;0.0121811695731659;0.999833308124792;-9.84870766817388;0.120104289906128;31.5214545297134;-9.80605692301809;0.147264330456356;17.1810710135014;0.068;-0.112;0.058;-0.145;-0.159;0.077;-0.111;-0.015
1926108;L;2017-11-20_14.52.07;True;False;;61.4;PR FF;SHAMIR;71;B;1.586;1.843;-4.132;0;10;2.5;-12;0;0;NaN;5;-2;135;7;-2;135;NaN;NaN;NaN;0;1.561;2;5.0738;-2.0073;135.146;0.8394;-2.7938;7.3429;-2.089;135.719;-0.0696;7.7413;3.5747;2.2631;47.064;-0.159;1.4291;2.2282;True;-0.0786743073789282;-0.118988674404741;359.996344712253;0.0118936548229854;-2.47721920655223E-17;0;0;True;1.76899440816781;4.07940656154638;89.8588847984962;2.57876800485603E-17;0.0106464659035324;0;50.1571;0;True;-0.028740937614143;0.00306858787703934;0.718359878709636;0.0427420803434044;0.0323166788317761;-0.0111392511461911;-0.0332863534117729;2.47923229805841;237.980510440009;-0.102517321238299;9.62945693335704;2.02509757317003;100.843013391191;-2.33607117266344;-11.7042417375351;6.69474990875234;240.929869597752;0.0174979053382169;-0.0369438702720017;2.4722301557115;238.164386743771;0.0470479800623663;9.62409979486218;2.02589514980333;98.942094080377;-2.45526424977696;-11.6748500838925;6.71118731297823;240.766891908492;-0.128750892049258;-0.221479250626628;5.25122210859871;0.999751520355002;0.000955812606866388;0.0222706975670501;-0.0022962052886295;0.998181352627653;0.0602388139632835;-0.0221726180036307;-0.0602749839377097;0.99793551962147;-0.0991781822911451;-0.224984920594346;5.25178056058553;0.999710526710689;-0.011574575746673;0.0210924626376721;0.0102783566578971;0.998111699540037;0.0605589846819818;-0.0217535782861148;-0.0603246586197052;0.997941740480959;4.11775888008933;2.22524887895841;46.3693067700692;4.11713790552171;2.27239635529163;45.9623987096891;0.035;0.109;0.031;0.109;0.073;0.018;0.152;-0.037
1926108;R;2017-11-20_14.52.07;True;False;;61.4;PR FF;SHAMIR;71;B;1.586;1.876;-4.144;0;10;2.5;-12;0;0;NaN;5;0;0;7;0;0;NaN;NaN;NaN;0;1.561;2;5.0435;0.0798;95.641;0.1141;-3.6091;7.3144;0.1056;98.761;-1.4166;9.1319;5.5134;0.3196;115.579;0.1304;1.4739;2.2838;True;0.0269753128052197;-0.0822647772425855;0.00932975441054058;-0.0282942294207558;-1.95370842625483E-17;0;0;True;-1.95254610553469;4.14242499618833;269.836326258364;3.53146983529004E-17;0.0458094792693804;0;50.187;0;True;-0.0344933368963052;0.0945699866182457;-0.517750124436497;0.0479219375799001;0.020235843282172;-0.0516470992694988;0.0914824299905821;3.38009656292508;290.719850918441;-0.0402810714927529;9.7909303175563;1.16480458015601;2.977320529207;2.37930803336313;-11.6424822303685;5.89898561697874;287.562909920527;-0.0164510992002189;-0.00266792972347624;3.41083994666958;290.725496598976;-0.0923026434676459;9.69577706804135;1.14556401000174;1.35781405930923;2.5222482250556;-11.7154377968989;5.91735354285652;287.707137278048;0.0693055013204071;-0.228300877150461;5.27293277352612;0.999814002213551;-0.00025170465157056;-0.0192846473260391;0.00174064079685463;0.997011738784003;0.0772305826503763;0.0192075804654739;-0.0772497855768458;0.99682673493491;0.105591798138079;-0.325243763665461;5.26483569902985;0.999779199305193;0.0087827422862354;-0.0190896850314908;-0.00725294395791613;0.996865696503028;0.0787792989273;0.0197217504449093;-0.0786234479876527;0.996709288602209;5.1522083444145;0.227497938934079;121.295624984613;5.07410458381919;0.0370388040651759;104.982493475683;0.057;0.112;0.048;0.115;0.081;0.016;0.163;-0.009
1926126;L;2017-11-20_14.47.15;True;False;;62;PR FF;INDO;10021;B;1.586;3.627;-3.857;0;8;2.5;-14;0;0;NaN;4;0;0;NaN;NaN;NaN;NaN;NaN;NaN;0;0.592;2;4.0114;0.0621;36.276;0.1543;-2.5479;6.1823;0.3022;179.08;1.2877;8.1848;4.233;0.1914;42.795;0.1035;0.7113;2.2909;True;-0.040186502329427;-0.0869596153340833;0.0767710561249591;0.0450433106131636;-2.90934382972041E-17;0;0;True;3.65223916563988;3.79855341725753;89.9272073455833;3.79583176331883E-17;0.072113679358486;0;50.6629;0;True;0.0809872819828792;-0.00633710970139223;0.638584826439186;0.0477273643954007;0.0204011713333983;0.138296313684107;0.0437846433537483;4.09284029586707;218.82370823006;0.124478260492602;7.76915416926689;3.26447447742701;165.767760021178;-2.22653999008116;-13.6059931074255;7.95789788468485;239.679289335748;0.0578773697785456;0.0510064319338572;4.1175589411228;218.509645145476;0.129715822156118;7.77591099545955;3.26296502055791;165.706827156955;-2.46104578147012;-13.5706065963312;7.97958707284297;239.299967865244;-0.135762083452115;-0.176741369240557;5.23745801250197;0.998506419336096;0.000612004945722235;0.0546310899997034;-0.00359061244199967;0.99851054821699;0.0544407255801825;-0.0545164016319918;-0.0545555730366;0.997021389642042;-0.219064157849122;-0.169351333729382;5.23343443846863;0.998419554696005;-0.0105398011030162;0.0552024038728315;0.00750196091365411;0.99846082305609;0.0549518462347375;-0.0556966191350997;-0.0544508715712162;0.99696187951298;4.0680793481378;0.156425471931465;27.2248292937861;4.00835722331776;0.0186299425571325;77.0713732738599;0.037;0.095;0.03;0.095;0.071;0.03;0.133;-0.001
1926126;R;2017-11-20_14.47.15;True;False;;60;PR FF;INDO;10021;B;1.586;3.59;-3.825;0;8;2.5;-14;0;0;NaN;4;-2;45;NaN;NaN;NaN;NaN;NaN;NaN;0;0.592;2;4.0531;-2.0306;45.078;-0.6947;-1.9507;6.2959;-2.0211;47.73;0.3463;6.433;2.2525;2.1481;134.701;0.056;0.5739;2.2475;True;-0.0396560100779713;0.0109676604002924;0.0342102456766832;-0.0248510840684504;-1.57221016459734E-17;0;0;True;-3.7742980383853;3.9248392992518;269.919858222276;2.82538419899436E-17;0.0247065089658349;0;48.7252;0;True;0.0651363722075948;-0.251708054090112;-0.268392617713663;0.049881064717684;0.0327498228553869;-0.0265457522611055;0.111374228030581;3.85158336719691;320.720301974696;0.0345616417942873;7.80409228520674;2.76816135358259;36.3289397399684;2.24594449326945;-13.4479229068488;9.79220397966819;302.908410267872;-0.0901313517312262;0.359926390303315;3.72095695399473;321.739386684354;-0.066562971748078;8.05361625985078;2.79465712504393;39.6737596889453;2.24581863823364;-13.1812466236353;9.70289412986682;303.060038901935;0.209085178639278;-0.0812905501907137;5.15065345297029;0.998667738343163;-4.12235527605647E-06;-0.0516018253122627;0.00277793891005457;0.998554184081048;0.0536826276335655;0.051526997272916;-0.0537544550454959;0.997223860080974;0.140939181467077;0.177758909708969;5.16777425917144;0.998718652473689;0.0046773262875076;-0.0503902353630059;-0.0021417084143669;0.998734043343816;0.0502565791830357;0.0505615099280744;-0.0500842618485398;0.997464335417001;3.03507715450092;2.15772817581883;136.381524848971;2.93965904291687;2.03963612926482;134.892152329518;0.042;0.1;0.034;0.089;0.064;0.04;0.154;0.031
1926127;L;2017-11-20_13.45.14;True;False;;61.4;PR FF;SHAMIR;71;B;1.733;1.835;4.301;0;10;2.2;-12;0;0;NaN;-9.5;0;0;-8.5;0;0;NaN;NaN;NaN;0;2.5;1;-9.4776;0.0168;150.311;0.1691;11.9305;-8.5727;0.2696;178.819;-1.7702;-8.1652;-9.4569;0.0977;61.375;0.1685;2.3971;1.0313;True;0.0235910091234889;0.110223428673919;0.00755554339077083;-0.00243484753163959;-8.89195375133616E-19;0;1;True;1.80092347796988;-4.27725276467809;89.9081203377496;4.13671035118904E-18;0.00440868471897742;0;49.4999;0;True;-0.567836154052485;-0.737833370128302;1.01859403894207;0.0755086330319882;0.0134732309778547;0.104297645140364;0.0987305501510066;1.78947621963417;135.510684990691;0.128081152827618;9.74273783418823;9.03648067918885;97.9610368823764;-2.02298678780451;-11.5651821010796;7.92866820050759;248.850159937331;0.672377578240317;0.809312717716893;1.99623256028518;114.478606383427;0.862577909612603;10.4269545835883;9.51900443967628;94.0444647358776;-1.66952430730652;-10.8288156110086;7.3593181495874;249.24095937687;0.0669415881185337;0.135426450545991;4.98012058192853;0.999866772486259;-0.000554553913974662;0.016313483621455;0.000551421074402798;0.999999828653918;0.000196537360406179;-0.016313589816766;-0.0001875155775565;0.99986690695572;0.647913845836051;0.863045880303102;4.98935973194222;0.999707106207985;-0.0183191952556604;0.0158148310911785;0.0183239258328682;0.999832090876447;-0.000154258562199867;-0.01580934974403;0.000444003172798726;0.999874925839154;-9.40351832400013;0.123332373714344;147.123396347788;-9.23668988526207;0.32897777626803;142.765118851738;0.076;-0.126;0.058;-0.147;-0.202;0.025;-0.097;0.032
1926127;R;2017-11-20_13.45.14;True;False;;61.4;PR FF;SHAMIR;71;B;1.733;1.864;4.294;0;10;2;-12;0;0;NaN;-9.5;-2;45;-7.5;-2;45;NaN;NaN;NaN;0;2.5;2;NaN;NaN;NaN;NaN;NaN;-7.4668;-2.0202;48.633;1.7708;6.1569;-11.0976;2.0119;134.848;0.1296;2.2511;NaN;True;0.0178271066736233;0.0244001683805267;0.0815259423145836;0.00203164112295698;-1.75971276024576E-18;0;1;False;999.9;999.9;999.9;4.36049143867592E-18;0.00469427763930909;0;49.5049;20060;True;0.169690661616674;-0.533649155486972;0.113970185774439;0.0970789396180881;0.0602008424147719;0.113756038852859;0.00670045987210718;1.35109947367379;69.2376683580638;0.130942613726335;9.61251210191172;9.59969867570337;91.6368373371896;2.02125031947319;-11.6403525969155;8.19317061140039;290.546376936914;-0.0496442064966962;0.528052936170572;1.73915972760555;80.1507726762104;-0.0101334691812829;10.1111289706796;10.0542903660937;92.4847235082725;1.8387289620504;-11.1342224149285;7.7880128408932;290.320345131759;0.12805414114856;0.0446329665056786;4.89278265982551;0.999982284289023;0.00091617149552177;-0.00588147412635495;-0.000907978378377526;0.999998613996901;0.00139555707190093;0.00588274454422324;-0.00139019209727548;0.999981730174387;-0.0408468083819701;0.57868753395471;4.89438257564711;0.99998296241369;-0.00107703761198871;-0.00573714844887964;0.00108233589106703;0.999998990633021;0.00092047919980002;0.00573615126727221;-0.000926673038734808;0.999983118780371;-10.3447673414604;1.87592191848054;135.01448965798;-10.2977715943858;1.90693803593215;136.281306427304;0.124;-0.168;0.109;-0.203;-0.249;0.055;-0.143;0.043
1926137;L;2017-11-20_13.49.00;True;False;;61.4;PR FF;SHAMIR;71;B;1.733;1.804;4.302;0;10;2.167;-12;0;0;NaN;-9;-2;90;-8;-2;90;NaN;NaN;NaN;0;2.5;1;-8.977;-1.9097;89.811;0.2893;11.3106;-7.8271;-2.1826;89.684;-3.2382;7.1316;-10.8189;1.8492;2.049;0.3106;2.247;1.0135;True;0.00799674342491435;0.0411156851953622;0.137012738516689;-0.00278541250050017;-9.36403879136831E-19;0;1;True;1.6500378168261;-4.21759713179889;89.4417526741804;3.85880576782428E-18;0.00375411817373361;0;49.496;0;True;-0.0496614038988441;-0.775068683432185;0.321827720419171;0.0734321731092181;0.0349414798915944;0.0269667343848541;0.0119824197123359;1.89862057670038;105.772311059726;0.00209728906343723;9.66925864730246;9.17202487785594;93.3411739972224;-2.02334907886773;-11.6909168572175;6.7884329540333;250.08376148445;0.0766814278390374;0.769738275407993;2.4417146887951;101.048081743726;0.106064953917798;10.4017572043179;9.7225039597559;92.5976640536907;-2.04259570440357;-10.9316371629773;6.32775600798364;248.409710533335;0.0119193704228534;0.065267676467562;5.06775652536817;0.999942912519977;0.00343591623375075;0.0101176173430979;-0.00333094283737687;0.999940641286805;-0.0103739444160624;-0.010152660778379;0.0103396509886974;0.999895002035989;0.0628740537271365;0.840468213363872;5.05999579829256;0.999946284659358;-0.00217935650792145;0.0101330252717801;0.0022907026022213;0.999936986007477;-0.0109898451249386;-0.0101084359589073;0.0110124665490225;0.999888266309277;-9.89887368704046;2.04725970471917;178.373164258343;-9.73415061135083;2.10856781393114;175.710686938665;0.056;-0.112;0.041;-0.135;-0.161;-0.099;-0.099;-0.052
1926137;R;2017-11-20_13.49.00;True;False;;61.4;PR FF;SHAMIR;71;B;1.733;1.857;4.35;0;10;2;-12;0;0;NaN;-9;0;0;-7;0;0;NaN;NaN;NaN;0;2.5;2;-8.9697;0.0426;68.425;-0.0275;11.4136;-7.1251;0.2903;6.46;1.584;-6.5626;-8.7187;0.1288;129.438;0.0261;2.4921;1.9684;True;0.0287282437230733;0.107375390005608;359.942815006777;0.00224003560379228;-1.68085668327276E-18;0;1;False;999.9;999.9;999.9;3.70017777390445E-18;0.00343811701843887;0;49.4934;20217;True;0.18687215298428;-0.450021861958537;0.913084966172786;0.0736493822177658;0.0349195678382923;0.0138411266753049;0.0653712028946444;1.99396892339409;78.4138537165077;0.0278102996707039;9.71731339782376;9.19311533904854;87.5650143651589;1.93956083314582;-11.6755466182245;5.76650166014857;286.823838344661;-0.161054087277206;0.508821872133397;2.29064603524738;83.2328935097442;0.00869433724715159;10.1440860306761;9.51589327706899;87.7333273836815;1.57856554303785;-11.2651293927636;5.47926231580648;285.378020210459;0.0256145404737224;0.122794912139036;5.04431223289868;0.999988190665394;-0.00199297182878122;-0.00443244774821507;0.00196059245353377;0.999971451134785;-0.00729746480794265;0.00444686484864548;0.00728868840613313;0.99996354954285;-0.153057508541211;0.576205625410201;5.04169882805155;0.999830640845671;-0.0179286955216813;-0.00415349287048702;0.0178960933220476;0.999809754630558;-0.00775785984618167;0.00429179099478346;0.00768221468557603;0.999961281304222;-8.86916932718851;0.1360974707173;29.9204038810154;-8.81959022357703;0.157162026792167;16.6883972882174;0.091;-0.133;0.06;-0.158;-0.18;0.105;-0.113;-0.057
1926147;L;2017-11-20_13.57.36;True;True;;70;PR FF;INDO;10021;B;1.586;0.674;-3.866;0;8;2.5;-14;0;0;NaN;1;0;0;NaN;NaN;NaN;NaN;NaN;NaN;0;-0.212;2;1.0189;0.0263;97.318;0.2241;-1.0178;3.0171;0.2428;173.701;0.672;3.179;1.2105;0.2076;43.554;0.192;-0.0728;2.1064;True;-0.0632430513050752;-0.0487808152021833;0.036611007782086;0.00158737545866878;-6.44496896948901E-18;0;0;False;999.9;999.9;999.9;1.53885554630265E-17;0.0358210500851793;0;58.2161;20217;True;-0.0395983608737389;-0.10706527301667;0.156865057350769;0.0529005651470164;0.0196720643132382;0.0546905202906518;0.0302302803356133;2.69803714704806;243.104618652565;0.0488752459727986;7.91698273642446;1.22263870316585;167.323394465489;-2.39519630625764;-13.823257260562;5.77380246851055;251.497714344904;0.0941962493332387;0.13653111169387;2.66082129624405;243.032905270776;0.110135234799497;8.02348189932866;1.21070266509644;165.405783464468;-2.39357420047412;-13.7090904999847;5.75782752466201;251.448131709624;0.0012836816506026;-0.0750633370149492;5.0727155566812;0.999772106929052;0.00027539656648221;0.0213461557048491;-0.00109775356665576;0.999257122574238;0.0385226935943166;-0.0213196891101016;-0.0385373473579316;0.999029701117471;0.0414036184623507;0.0327705401061469;5.07768916282106;0.999777854615555;-0.00245505558954812;0.0209335644927241;0.00166339486030847;0.999285767659063;0.0377516578652528;-0.0210112954826091;-0.0377084507251178;0.999067864664885;0.997753607918065;0.0268171310519854;22.892117250594;0.945380391401304;0.0353415841010438;68.8287619617301;0.067;0.05;0.064;0.046;0.039;0.002;0.122;0.139
1926147;R;2017-11-20_13.57.36;True;True;;70;PR FF;INDO;10021;B;1.586;3.509;-3.75;0;8;2.5;-14;0;0;NaN;1;-2;45;NaN;NaN;NaN;NaN;NaN;NaN;0;-0.212;2;1.0227;-1.9815;44.632;-0.6035;-0.1928;3.1118;-2.0611;45.296;1.2339;1.4895;-0.8114;2.1891;134.364;0.1748;-0.0441;2.0493;True;-0.0191645044739284;-0.14081587036762;359.96238821273;0.00199340443355678;-7.880661429981E-18;0;0;False;999.9;999.9;999.9;1.25530598291098E-17;0.00464739431428193;0;58.3728;20217;True;-0.0234613495692844;-0.0372745368903713;0.41637690627414;0.0474344640224807;0.0338906067248162;0.0307520170634717;-0.0758998910471492;2.23278342149976;309.876205991854;0.0745199886292278;7.76735719879261;1.84681370425265;69.3450669085829;2.38943075709348;-13.8393618620434;7.35033909718866;299.403678189505;0.0544450264491812;-0.0391069106088158;2.22663422527143;310.20630622627;0.15511788071148;7.80420209870706;1.86628360555502;68.5161843731981;2.31262928055142;-13.8204346849611;7.3293744854803;299.309364629591;0.0979189201457897;-0.156303721141405;5.07500049118852;0.99968645754576;-0.000957252341286081;-0.0250213961953265;0.00161778374477962;0.999650367596812;0.0263917665061255;0.0249873843241649;-0.0264239707749199;0.999338483394452;0.121884891221151;-0.118898207216856;5.07538892998713;0.999643700259499;-0.00822217199356587;-0.0253942595718859;0.00888047264892461;0.999624570660829;0.0259201646731694;0.0251716057697518;-0.0261364423527905;0.999341421459208;0.0340477031364425;2.13231328046694;136.182545849802;-0.0474216061255516;2.02443355586082;134.54842926173;0.045;0.038;0.04;0.037;0.025;0.002;0.105;0.087
1926153;L;2017-11-20_14.43.16;True;False;;61.4;PR FF;SHAMIR;71;B;1.733;1.815;4.326;0;10;2.133;-12;0;0;NaN;-8.5;-2;90;-7.5;-2;90;NaN;NaN;NaN;0;2.5;1;-8.5215;-1.8761;90.093;0.1918;10.8385;-7.325;-2.1943;89.742;-3.3767;7.7263;-10.2977;1.8369;2.107;0.1641;2.2776;1.0374;True;0;0;359.999999537122;-0.00267103437667056;-9.1714257211805E-19;0;1;True;1.65162928434752;-4.22656745182617;89.6987995744591;3.59314032607044E-18;0.00315664983852935;0;49.4921;0;True;-0.0838212617381326;-1.03868288350396;-0.240710095139014;0.0646831964222317;0.0315774529206256;0.0303247414796426;-0.0245981072714267;1.86124144786271;107.410935260704;0.0431315577272033;9.65617535933282;8.7611218047424;93.4861374102049;-2.03646854412169;-11.7399606111789;6.38958547938773;248.976228988069;0.108035219334138;0.992363968686032;2.54686494939765;100.967439045181;0.0806397679157501;10.6419849480065;9.46708101790406;93.0277679791237;-1.91434725413558;-10.7432229858784;5.78176152508157;247.688840919042;0.0141026463947523;0.0271419454270004;4.98144599468719;0.999956149544625;-0.000506631616649442;0.00935105942091057;0.000610033840500891;0.999938669374124;-0.011058270616124;-0.00934488344506409;0.0110634901686131;0.999895130670555;0.0936973401805839;1.06636397440293;4.9702197238002;0.999950558826075;0.00369410373466915;0.0092321991431073;-0.00358321286591883;0.999921587650427;-0.0119991306437684;-0.00927580125800469;0.011965456457913;0.999885387113331;-9.4069623634096;2.05298981553851;178.309093547408;-9.24197742098315;2.11097335883923;175.652414370098;0.063;-0.119;0.052;-0.15;-0.164;-0.101;-0.11;-0.047
1926153;R;2017-11-20_14.43.16;True;False;;61.4;PR FF;SHAMIR;71;B;1.733;1.883;4.341;0;10;2;-12;0;0;NaN;-8.5;-2;45;-6.5;-2;45;NaN;NaN;NaN;0;2.5;2;-8.4845;-1.947;43.855;-0.7839;11.7333;-6.4691;-1.948;49.423;2.9177;-7.4776;-10.066;1.9665;134.886;0.1659;2.3098;2.0149;True;0;0;359.999999537122;0.00177931444142694;-1.63271026652679E-18;0;1;False;999.9;999.9;999.9;3.82991241518781E-18;0.00350305922878716;0;49.4971;20217;True;0.263027316801856;-0.697513660664578;-0.0793332328421312;0.0821534325111678;0.049242288517164;0.00413764805878993;-0.0229389207167536;1.3821900080332;66.4214366300433;0.0342502873963252;9.62686504960141;8.88468940317015;91.2397417292367;1.90385427990018;-11.7203958253491;7.31102855908571;292.389405132855;-0.251727268301778;0.659021529810518;1.83222160827631;80.5678188157638;-0.230802163291739;10.2831689862908;9.43792668045642;92.7509553917812;1.66866379176063;-11.0462020509818;6.8312590383175;292.208611854088;0.0205652507997093;0.0148764990505734;5.04800363541784;0.999980067278995;-0.000565026039513682;-0.00628854436825955;0.000565716365811553;0.99999983415081;0.000107996970478846;0.00628848230420905;-0.000111552350271621;0.999980221077589;-0.242855774940123;0.712386450146729;5.04949674727271;0.999981304216951;0.000815191851946741;-0.00606025402193192;-0.000818169542077537;0.999999545795185;-0.000488884469839371;0.00605985273469901;0.000493833645019385;0.999981516985772;-9.36750458959772;1.86302839014401;135.348850195761;-9.31720990549339;1.89875254535535;136.433308204315;0.093;-0.122;0.067;-0.163;-0.205;0.025;-0.112;-0.007
1926180;L;2017-11-20_14.36.44;True;False;;61.4;PR FF;SHAMIR;71;B;1.733;1.865;4.37;0;10;2.1;-12;0;0;NaN;-8;0;0;-7;0;0;NaN;NaN;NaN;0;2.5;1;-8.0284;0.1484;86.749;0.2287;10.5246;-7.0592;0.24;0.677;-1.345;-6.3834;-8.0458;0.1732;72.354;0.2063;2.4406;1.015;True;-0.0255465369646363;-0.00160026860827796;0.0486472857231356;-0.00206971087182918;-8.35229986312505E-19;0;0;True;1.77492762436131;-4.48431844071856;89.9207720569436;3.33508595188586E-18;0.00259870711527039;0;49.4881;0;True;-0.241361385713565;-1.13424412027928;-0.993347670651271;0.0747487255715598;0.00825681075340149;0.0548367754928346;-0.00310528776501778;0.788867175119739;130.550498828889;0.054385913491476;9.71473074909652;7.22752277250389;94.0119066453907;-1.98327666459694;-11.7313504060727;6.93508634575836;254.895240951217;0.271153712392133;1.11251422003876;1.40029313291421;105.037507516806;0.101556990206067;10.8008035867546;7.95988371515758;93.4165091626552;-1.56684084399686;-10.6624406830931;6.2727422106221;255.61427879874;0.0396484615719194;0.0146474110936622;5.02129640600339;0.999973192588542;0.000596848917176555;0.0072977993703006;-0.000661322932127783;0.999960747515726;0.00883550110467874;-0.00729223945427854;-0.00884009044984284;0.999934335866401;0.260206910498759;1.15328471847618;5.03238736306469;0.999812919406233;0.0179359465511285;0.00724071886633074;-0.0179917944164312;0.999808306848099;0.00772301050204613;-0.00710081136653072;-0.00785183920192593;0.999943961979412;-7.9259702779421;0.141951968339076;149.047821475057;-7.75886186339335;0.341212257175473;143.21039959061;0.082;-0.108;0.047;-0.135;-0.151;0.144;-0.095;-0.04
1926180;R;2017-11-20_14.36.44;True;False;;61.4;PR FF;SHAMIR;71;B;1.733;1.823;4.334;0;10;2;-12;0;0;NaN;-8;-2;135;-6;-2;135;NaN;NaN;NaN;0;2.5;2;-8.004;-1.9401;136.851;0.872;11.4319;-5.8938;-2.0669;131.099;0.4067;-6.4014;-9.4966;1.7898;46.191;0.008;2.4484;2.0468;True;0.0360971613546334;0.120962323438127;359.971110780208;0.00282637728730943;-1.79231649460149E-18;0;1;False;999.9;999.9;999.9;3.83210530594264E-18;0.00395449672707492;0;49.4935;20217;True;0.43216212523651;-0.673273161880108;-0.817442921898112;0.0805576389559585;0.0483549350231784;0.0510808490618655;0.116268391783544;1.69987368992293;30.3097739377923;0.0102584046100069;9.78718243949717;8.42097859845633;75.0323750826931;2.01006858272755;-11.619923512269;6.709359176541;285.754723899432;-0.382143174540578;0.770540109658417;1.77169689686255;47.3149325611032;-0.559474259149112;10.4217308344833;8.75979529796108;78.1428417136398;1.74618396776355;-10.9432998304985;6.32435790808188;285.778422401628;0.0939789598044238;0.141343094637957;4.99343447217075;0.999731776449726;-0.000978648926422309;-0.0231390882049133;0.00118856269157151;0.999958252678824;0.00905981336684109;0.0231292558333412;-0.00908488556849236;0.999691203511766;-0.346650852541044;0.809023202834506;5.00941882353538;0.999655720976678;0.0132739375594481;-0.022632766076326;-0.0130775222724471;0.999875722742075;0.00880440129865959;0.0227468224113055;-0.00850538962552932;0.999705076718882;-8.88801043410788;2.10065333925493;44.252066534517;-8.8313883778902;2.07154636593648;43.4851331597197;0.091;-0.137;0.071;-0.172;-0.207;0.021;-0.105;-0.079
1926231;L;2017-11-20_14.56.34;True;False;;59;PR FF;INDO;10023;B;1.661;1.95;5.448;0;8;2.5;-14;0;0;NaN;7.5;-2;135;NaN;NaN;NaN;NaN;NaN;NaN;0;-3;1;7.4332;-1.9065;134.052;0.6463;-7.8881;8.3259;-1.8876;134.491;0.3199;6.192;5.5588;1.9713;45.008;-0.0626;-2.9577;0.9022;True;0;0;359.999999537122;0.0537278692748359;-4.58750863890259E-17;0;1;True;1.79717612127671;-5.40327002789903;89.9671998152367;2.55160596507959E-17;-0.0519312588622589;0;48.2489;0;True;0.285474208510933;0.474381405571459;0.414406236546433;0.0371796192495966;0.016147213589071;0.11156695722059;-0.0433418884163716;2.44192953807657;106.087512321227;0.0495321946153322;7.58425301422332;5.42900721594391;90.6509347957297;-2.17106411244952;-13.5673630630084;3.69672900784932;224.979288090018;-0.171150014566644;-0.510431415147834;2.29316869247596;111.116003291966;-0.176713190556138;7.11604908297606;5.22005455307378;92.1045789406714;-2.56099963035689;-14.0308549637903;3.94069176321289;225.178967776715;0.0325205609799601;0.229884279249168;5.36005499986703;0.999960058501824;4.43161324362308E-05;0.00893752969843048;0.000755991244578804;0.995984621448478;-0.0895212953177602;-0.00890560937095498;0.0895244763973067;0.995944806827929;-0.26791633935589;-0.260390126838576;5.39907171931577;0.999872016643755;-0.00716096955246678;0.0143063219528476;0.00830578746073553;0.996627640107574;-0.0816355367978021;-0.0136734862930773;0.0817439140772991;0.996559565848382;6.42453078174345;1.92677819866918;44.4609792954977;6.47308752708605;1.88682325502931;43.3061795200806;0.053;0.081;0.036;0.093;0.099;-0.01;0.089;-0.014
1926231;R;2017-11-20_14.56.34;True;False;;60;PR FF;INDO;10023;B;1.661;3.53;1.276;0;8;2.5;-14;0;0;NaN;7.5;0;0;NaN;NaN;NaN;NaN;NaN;NaN;0;-3;2;7.3905;0.0186;9.882;-0.122;-8.6535;9.4045;0.129;24.365;-2.2375;8.2495;7.435;0.1709;115.056;-0.1205;-3.0632;2.0692;True;0;0;359.999999537122;-0.0825059886403199;-2.05863460209118E-17;0;1;True;-3.7706022507232;-1.38048756367799;269.686904515468;6.30587234677517E-17;0.115912069695154;0;49.1324;0;True;0.129087279905138;0.199984687647531;-0.445842524939271;0.0444651324625663;0.0173138222408318;-0.0376216764742727;0.261092396399326;2.60898704719582;322.559939087253;-0.0313445040409572;7.95057057541056;2.26459669089832;24.5267851955544;2.36631577746445;-13.4281328677875;5.3721602907303;298.700798778162;-0.165928979021737;0.0600893295059061;2.61832364801314;320.983298294463;-0.218618641563021;7.74901369913252;2.18179844738011;23.5602426633843;2.34109616162311;-13.6166987805179;5.39745678963595;298.510783339378;0.216787475317059;0.0663331252732697;5.4307433543737;0.999340968254612;-0.000443496331026434;-0.0362964527046366;-0.00029866232836467;0.999791053850127;-0.0204391644170215;0.0362979333950181;0.0204365347418976;0.999132027351238;0.0842616226434615;-0.142595288674207;5.4394036673707;0.999384314280513;0.00727323664127699;-0.0343233506352196;-0.00785556245466086;0.999826972775193;-0.0168616324747603;0.034194773117966;0.0171208802330066;0.999268528950781;7.44835216845249;0.0701902870100897;11.4017382448875;7.48971686551211;0.154364943590911;23.2055226372758;0.047;0.11;0.04;0.117;0.099;-0.004;0.187;-0.017
1926303;L;2017-11-20_13.49.17;True;False;;61.4;PR FF;SHAMIR;71;B;1.662;1.88;4.115;0;10;2.469;-12;0;0;NaN;7.5;0;0;8.5;0;0;NaN;NaN;NaN;0;-2.499;1;7.7402;0.2351;174.455;0.0197;-9.9717;8.6279;0.1103;62.209;1.8453;7.3825;8.093;0.1888;49.728;-0.0441;-2.3321;0.8253;True;0;0;359.999999537122;0.0402427379930655;-4.10417145807746E-17;0;1;True;1.89736004707934;-4.10682621753676;89.733546235818;2.1472671272348E-17;-0.0434095221521151;0;50.4487;0;True;0.0522456245923968;0.222119292317098;2.3031048907414;0.0389297001203963;0.00498239443196725;0.114669037144636;-0.016451446348083;1.92465340007348;127.995808999802;0.1178584517441;9.7089901824848;3.94821313332142;107.042159528936;-2.30281350352074;-11.8156986861581;1.78853133442443;200.093618297374;0.0529414207360764;-0.238595196928292;1.89714877645785;129.176170959772;0.448057008946663;9.47952171426565;3.86610514847009;106.063313513742;-2.83807698852931;-11.9342653995161;1.87776242792253;199.945374039779;-0.0265611586135876;0.164329725727974;5.36439075284301;0.999844337702643;-0.000100468037846847;0.0176434200238329;0.00120303328218118;0.998044733360718;-0.0624921028759266;-0.0176026439743006;0.0625036008331264;0.997889496291051;-0.0900848110371481;-0.0630855744421862;5.37722526156978;0.998969650748057;-0.0402498532352215;0.0209663110452985;0.041410637511512;0.997443540751284;-0.058236948017827;-0.0185686829149306;0.0590451719286519;0.998082597627431;7.94852890745697;0.239942349157807;30.9118924463177;7.99745882761181;0.291101631544589;30.1515996750959;0.039;0.087;0.026;0.091;0.092;0.053;0.075;-0.053
1926303;R;2017-11-20_13.49.17;True;False;;61.4;PR FF;SHAMIR;71;B;1.662;1.887;4.107;0;10;2.5;-12;0;0;NaN;7.5;0;0;9.5;0;0;NaN;NaN;NaN;0;-2.499;2;7.8043;0.1539;177.212;-0.1104;-9.9445;9.5713;0.3373;102.319;-2.2772;8.0086;8.2448;0.2954;116.563;-0.1103;-2.3253;1.8587;True;0;0;359.999999537122;-0.0421114110802718;-2.80773902608149E-17;0;1;True;-2.19045898976177;-4.10635548717714;269.741011596848;2.2025600544537E-17;-0.0512375178872647;0;50.5293;0;True;0.00166308308895302;0.280289355900003;0.141105248788277;0.0358869213488139;0.0173397120604478;-0.0541403210769892;0.0569334567699832;0.953519400258392;26.591460352561;-0.0454168907948586;9.77030528763237;2.82251888588956;73.2603649659019;2.39285883526991;-11.7947033773112;1.67810160519356;316.809220942835;-0.0571159121889383;-0.226049362561035;0.931509996539214;23.3489170622141;-0.0238868250676434;9.48796952596794;2.75429263169402;72.7082586296672;2.36060475076978;-12.0904178618673;1.70013452218266;316.094954869325;0.0537372793663088;0.110934904264961;5.41609635884436;0.999905992353002;-0.000681256627209411;-0.0136946101064463;8.01637174117778E-05;0.999038325977119;-0.0438453737880525;0.013711310307119;0.0438401541767762;0.998944463346896;0.0512390904365159;-0.179270893642828;5.42828650998342;0.999903116435509;-0.0031446750016995;-0.0135598215951179;0.00260731482525752;0.999217511674341;-0.0394660141481405;0.0136733189811301;0.0394268358161408;0.99912890307786;7.96982709996638;0.229351946787811;146.684020011854;7.89481879378618;0.221285861451497;1.1907987567937;0.038;0.1;0.031;0.11;0.104;0.013;0.101;0.039
1926395;L;2017-11-20_13.49.30;True;True;;61.4;PR FF;SHAMIR;71;B;1.662;1.881;4.115;0;10;2.469;-12;0;0;NaN;7.5;0;0;8.5;0;0;NaN;NaN;NaN;0;-2.499;1;7.7827;0.2195;1.969;0.0533;-10.1498;8.6899;0.1408;65.694;1.8899;7.3035;8.1656;0.1953;51.412;-0.0157;-2.4784;0.8678;True;0;0;359.999999537122;0.0402108507142956;-4.11863856317652E-17;0;1;False;999.9;999.9;999.9;2.17364763983935E-17;-0.0433477168699075;0;50.4568;20060;True;0.23252006680755;0.142947243042167;0.814768573344124;0.0346185976693597;0.00536275913769715;0.162949055602191;0.0462594746368498;1.55952021994944;154.115240551715;0.167182563029534;9.77765672744905;3.22401778118451;114.839992976812;-2.25842999577338;-11.7505461872114;2.38203769676732;217.23950153239;-0.0741771737217528;-0.0945268950680289;1.58951792267522;155.847377938573;0.0709769804795673;9.63586910882473;3.20170120434136;115.523339852714;-2.66676074614783;-11.857774467784;2.4474166035519;216.746722028443;-0.00519082281487772;0.127849866817989;5.39322048045744;0.999790081877314;-0.000685057556267583;0.0204773747316033;0.0016500167957921;0.998886763388269;-0.0471435188788742;-0.020422282544503;0.0471674106121352;0.998678209310596;-0.248130287392314;-0.0165182125285106;5.39455617240708;0.99958105012777;-0.0149139943335525;0.0248051808798707;0.016010167107018;0.99887679601433;-0.0445961986424003;-0.0241122121479904;0.0449746501616837;0.99869709224978;7.94720787019336;0.241008390110042;30.8978089932555;7.99582528851294;0.292720362347315;30.1381093488225;0.047;0.135;0.032;0.138;0.127;0.017;0.135;-0.036
1926395;R;2017-11-20_13.49.30;True;True;;61.4;PR FF;SHAMIR;71;B;1.662;1.905;4.089;0;10;2.5;-12;0;0;NaN;7.5;-2;45;9.5;-2;45;NaN;NaN;NaN;0;-2.499;2;7.8885;-2.0404;49.064;-1.0611;-9.2596;9.853;-2.197;42.704;-0.8749;6.6458;6.3535;2.2239;135.32;-0.1374;-2.4411;1.8862;True;0;0;359.999999537122;-0.0484170353895738;-2.83793189440919E-17;0;1;True;-2.02739254295434;-4.15968096262444;270.29108040374;3.00670955141009E-17;-0.0372163062333912;0;50.6798;0;True;0.0297844135054779;0.051832090183102;-1.9161525876859;0.0421773145728079;0.0291118257490092;-0.0302120368080798;0.0409141570254694;1.81624598775427;18.5474048560653;0.0584910374116551;9.6703057280084;3.69479779959055;76.0318083656364;2.2665039545246;-11.675344753062;3.93361271677164;327.916354187647;-0.0588650408369809;-0.0122018538725914;1.80973020411216;18.2075571264772;-0.291397981894258;9.60877647372753;3.67676210199894;77.8757642841695;2.63091978455912;-11.6367208554334;3.99335429097036;327.950829000421;0.188109905068761;0.114343198987797;5.22787562527861;0.999616430808128;-0.000369680536660779;-0.0276921395836423;-0.000829006472318713;0.999063408943511;-0.0432621966437047;0.0276821965654456;0.0432685595608467;0.998679892531557;0.159156307229815;0.0596948832005244;5.23110699591757;0.999042077990873;0.0330717724004291;-0.0286563129863573;-0.0342458235435674;0.998551565802279;-0.0414969155918751;0.027242429654873;0.0424385238210588;0.998727601362047;6.87354353828437;2.28453644933249;135.710715213593;6.8021697198939;2.06255922097449;137.360085017585;0.049;0.142;0.036;0.144;0.133;0.045;0.154;-0.016
1926408;L;2017-11-20_14.56.57;True;False;;59;PR FF;INDO;10023;B;1.661;1.871;5.797;0;8;2.5;-14;0;0;NaN;7;-2;45;NaN;NaN;NaN;NaN;NaN;NaN;0;-3;1;6.9666;-1.9546;44.251;-0.8147;-7.8226;7.8796;-1.9396;44.594;2.7024;5.735;5.1336;1.8386;133.369;-0.0909;-3.2489;0.9205;True;0;0;359.999999537122;0.0173225847456892;-3.22577456352518E-17;0;1;True;1.79558739912992;-5.89705952704647;89.6909985797812;2.25820992031317E-17;-0.0274047065907103;0;47.9568;0;True;0.157908195140993;0.616465418026316;-0.106941607173145;0.0270716730299826;0.0165036628275375;0.158030510452779;0.000391123521414904;3.01026905367594;128.006665735815;0.228364941700761;7.66063247178052;6.28516457567176;113.100292975282;-2.36000595394688;-13.607721674915;3.24747921137526;238.490049705468;-0.00292255650924917;-0.617178587220795;2.82598999071131;131.46256189222;0.0544616858160772;7.04190757839017;6.05084581376653;114.294451811153;-2.49834360823475;-14.2490535845253;3.43569245525498;240.462801221101;-0.0196867739100553;0.227863276703902;5.07743429886074;0.999564004612968;-0.000475345672159371;0.029522444488549;0.00317998018309303;0.995787706129209;-0.0916336840248314;-0.0293545296014539;0.0916876129497299;0.995355058872691;-0.183367446085024;-0.412917543762149;5.12843766393166;0.999488638013483;0.00137456016025428;0.031946409286791;0.00123494352471657;0.996670877399808;-0.081520776846079;-0.0319521109857249;0.0815185422309753;0.996159520295867;5.93497919235202;1.9704102508105;134.350328899859;6.02658010327616;2.08230821887466;135.099466779688;0.021;0.102;0.014;0.117;0.127;-0.001;0.113;0.009
1926408;R;2017-11-20_14.56.57;True;False;;59;PR FF;INDO;10023;B;1.661;1.898;4.651;0;8;2.5;-14;0;0;NaN;7;0;0;NaN;NaN;NaN;NaN;NaN;NaN;0;-3;2;6.9718;0.0387;147.403;-0.1152;-8.2738;8.9114;0.0392;29.045;-2.0759;7.6793;6.9868;0.2009;118.225;-0.1108;-3.0183;1.9399;True;0;0;359.999999537122;-0.0416455619830552;-2.71597541626461E-17;0;1;True;-2.06840426203209;-4.78487896151065;270.108479738966;2.7066861667679E-17;-0.0320123940099193;0;48.1402;0;True;0.0835244258407029;0.23557652097874;-0.739455498484265;0.0350665772433635;0.0166492409647978;-0.038630353126718;0.0302444912187064;1.75100658983724;46.7077966755524;-0.0404536846977986;7.6987870986558;4.23893593742557;73.7583766010163;2.38085335316837;-13.6437214827918;2.99274277204715;307.79633016909;-0.11936726134968;-0.206159993209924;1.67391827834266;45.4106648821575;-0.219898988558118;7.4616343879857;4.13603979300041;74.2706331909397;2.47480096538073;-13.8565542757097;3.03676065010561;307.5740043657;0.101534145000419;0.17900284442095;5.30462187114159;0.999787359374571;-0.000494321939247993;-0.0206153263530578;-0.000937454342379882;0.997589546687093;-0.0693845625481421;0.020599932382866;0.069389134498576;0.997376955217715;0.0180506828596025;-0.0667670348374188;5.32309484670566;0.999720376703286;0.0124088900836053;-0.0201292784553659;-0.0136981842129077;0.997776144650502;-0.0652313185183997;0.0192750655902879;0.065488812886421;0.997667122457795;6.92516612973983;0.037902386865048;10.0246746062648;6.97698323704407;0.0793487428612658;8.8767097706932;0.031;0.1;0.025;0.11;0.125;0.009;0.122;-0.05
1926475;L;2017-11-20_14.49.37;True;True;;59;PR FF;INDO;10023;B;1.662;1.881;4.669;0;8;2.5;-14;0;0;NaN;6;-2;90;NaN;NaN;NaN;NaN;NaN;NaN;0;-3;1;6.0538;-1.9733;90.297;-0.0661;-7.9275;6.9712;-2.0056;89.987;0.9574;5.7035;4.146;1.9639;2.251;-0.0956;-3.2323;0.9013;True;0;0;359.999999537122;0.0175701099095463;-2.32202328191316E-17;0;1;True;1.67028546884081;-4.78040048911319;89.9750302159682;1.63354937472486E-17;0.00180446882902321;0;47.5191;0;True;0.445408633865297;-0.027464373282946;-0.248335979624299;0.0388965554913328;0.019504060978036;0.141062889170783;0.056099797231879;1.76589737940274;153.915785861135;0.144887410809013;7.91260635587231;2.86293175476164;123.246666553251;-2.29406403246626;-13.8217467947769;2.77739565813396;209.532881391435;-0.301010040912603;0.0820330986507907;1.91080448780512;155.92108037198;-0.329694233076736;7.93830815439465;2.96789298034491;126.051976131232;-2.68421141913369;-13.8062105203393;2.87609792821783;208.399723975092;0.0101407472051316;0.120236463232149;5.16511190012062;0.999690791514694;-0.000168762466890831;0.0248654957713329;0.00162579502171934;0.998280923216644;-0.0585880118477553;-0.0248128626174361;0.0586103221365924;0.997972520657645;-0.444996792558701;0.146424536078388;5.15107307429673;0.99953684576314;0.00416129539915751;0.0301459380758767;-0.00237569664181776;0.998253545379563;-0.0590272411908113;-0.030338919350229;0.0589282848701123;0.997801085996065;4.97039715531737;1.9718869894431;0.207115857505556;5.02868450705994;2.03705807187123;179.58182259843;0.053;0.119;0.032;0.119;0.141;0.045;0.13;0.05
1926475;R;2017-11-20_14.49.38;True;True;;58;PR FF;INDO;10023;B;1.662;1.913;4.173;0;8;2.5;-14;0;0;NaN;6;-2;90;NaN;NaN;NaN;NaN;NaN;NaN;0;-3;2;6.0091;-1.9488;90.359;0.6165;-7.7149;8.0003;-1.97;90.265;-0.7025;6.6519;4.2716;1.8885;178.053;0.6196;-3.046;1.9806;True;0;0;359.999999537122;-0.0192435563569897;-1.84111884872109E-17;0;1;True;-2.10928693314456;-4.13687360982877;270.007844157897;2.07219591386266E-17;0.0087547357127063;0;46.6068;0;True;0.0810682319949589;-0.203675928748544;-0.445163115703149;0.0413905080843987;0.0313680547093743;-0.0394427730702451;0.102166308226795;1.61605539971093;356.780983963615;-0.03643188798655;7.94887642026388;2.21160224196612;43.5539640830692;2.38854617112715;-13.8186616471431;2.73729527332734;326.055435993225;-0.120912482835994;0.306238961762933;1.58424170989015;358.153084865024;-0.178375970624591;8.15267165012571;2.20427518482187;45.3134094420023;2.41187980673794;-13.5898565016473;2.73582764542228;326.272952203386;0.106953286364151;0.0939313103901579;5.20493081850242;0.999608325419687;-0.0006034809042935;-0.0279791272638609;-0.000569763328246587;0.999121398974488;-0.0419059122441132;0.0279798341917703;0.0419054402441936;0.998729724678575;0.022499176896467;0.301617997042919;5.19832634786144;0.999601696040653;0.00715796127028155;-0.0272985871997818;-0.00836108664159939;0.998986986417711;-0.0442164358381884;0.0269544338249315;0.0444270701094965;0.998648934280042;4.96785742615866;1.99304900793698;179.574415972424;4.98532703406612;1.97872227124853;0.120559870678647;0.041;0.107;0.027;0.098;0.106;0.029;0.148;0.022
1926518;L;2017-11-20_14.54.42;True;False;;62;PR FF;INDO;10021;B;1.586;-0.145;3.82;0;8;2.5;-14;0;0;NaN;6;0;0;NaN;NaN;NaN;NaN;NaN;NaN;0;-3;1;6.0265;0.0208;117.062;0.0652;-7.7475;6.8687;0.1008;155.084;1.5843;5.5437;5.9437;0.1507;79.949;0.0443;-3.1862;0.8822;True;0.0803069268931027;0.070159833727753;359.957022266187;-0.00244385995390253;-2.49103712736762E-17;0;0;True;-0.147526623023303;-4.00684830833446;89.8292201231719;3.16179743581994E-17;0.0346658285342687;0;50.7554;0;True;0.262868677563547;1.01146822564128;-0.701200498180683;0.0251827952589565;0.00389903671642386;0.0897574508780262;0.276534494278322;0.849962611227919;292.679057119019;0.0964654738458335;8.04458910979875;1.39740909488543;76.2433617663338;-2.37855063370564;-13.4734119893425;3.8241250918721;267.045855938916;-0.163039155518105;-0.741823980046964;1.08691892097883;283.985299344711;-0.250521715711213;7.02426985879267;1.10078382191439;77.3021378989558;-2.4699663678378;-14.5474576810189;4.00988343240538;266.97198219356;0.123414197812303;0.196002324192044;5.43997541296073;0.9999702269281;-0.00112243633975957;-0.00763448714896852;0.000756014211211162;0.998855191058346;-0.0478302805585335;0.00767943356485524;0.0478230847233715;0.998826300648749;-0.135789815389826;-0.851217506600141;5.48387226698594;0.999929848303269;0.0110082438548991;-0.00437230367557831;-0.0111463903189095;0.999395183230613;-0.032939728570655;0.00400705066837451;0.0329861531961667;0.999447776145537;5.97628959277214;0.0331239882509339;86.9207411575579;6.16165844527557;0.178314972424627;167.128675099453;0.019;0.09;0.009;0.11;0.102;0.001;0.105;0.025
1926518;R;2017-11-20_14.54.42;True;False;;59;PR FF;INDO;10021;B;1.586;2.197;3.932;0;8;2.5;-14;0;0;NaN;6;-2;45;NaN;NaN;NaN;NaN;NaN;NaN;0;-3;2;6.0478;-2.0131;45.251;-0.9137;-7.0828;7.8969;-1.8671;45.62;-0.3985;4.7272;4.0808;2.1133;133.562;-0.1878;-3.1973;1.9221;True;0.0807033934876101;0.104195734665915;359.979886235684;-0.0435947359109047;-2.05880923873818E-17;0;1;True;-2.26695369405233;-4.12612495710249;269.923944770813;3.7583229045301E-17;0.0288932775886494;0;47.9965;0;True;0.0285543736929603;0.454681058689362;-0.298021856632097;0.0308750756223234;0.0273136524547598;-0.0335938241151325;0.150933208443427;2.33284610317056;28.299419570614;0.0348924299844703;7.83224123211899;4.12822929309179;71.2976523671076;2.23123395348582;-13.5108213574776;4.75266687156743;326.213995168206;-0.0649622294562079;-0.30082524725058;2.29614516901325;24.4379836801411;-0.0342197680993297;7.37961285894812;3.98150825269898;70.2976287674835;2.27116038824424;-13.9660534588651;4.83964944828979;325.739221937467;0.194118322867325;0.273676653906136;5.22755594479241;0.99934036159936;-0.00120567583980525;-0.0362958403158105;-0.00150009068266451;0.997225251907312;-0.0744281310147099;0.036284864701488;0.0744334824132819;0.996565635213971;0.167691424353372;-0.194932470690999;5.26211542470463;0.999334245602351;0.00399571070907941;-0.0362643056228805;-0.00644244663196148;0.997691321053228;-0.0676056416022982;0.0359104503978252;0.0677942637027161;0.997052845821741;4.96156561058536;1.99207216608163;135.264461688539;5.00690791268152;2.00483334057372;135.635899268626;0.023;0.086;0.014;0.107;0.108;0.044;0.139;-0.001
1927061;L;2017-11-20_14.57.09;True;True;;61.4;PR FF;SHAMIR;71;B;1.586;5.325;-4.31;0;10;2.445;-12;0;0;NaN;2;0;0;4;0;0;NaN;NaN;NaN;0;0.612;2;1.9274;0.0788;50.074;0.017;-1.6136;3.9642;0.1189;16.687;0.6216;4.5155;2.3687;0.2898;56.872;-0.0573;0.5205;2.0568;True;0;0;359.999999537122;0.0257556166256442;-1.60651915090619E-17;0;1;True;5.17915105123999;4.25222779376864;89.868368565696;1.77299084145573E-17;0.0209123526545518;0;49.8118;0;True;0.253269980661077;0.319908199235729;1.61501747127555;0.057468294903758;0.0226263640543134;0.0971421533810155;0.0993933616757703;3.96598731169736;215.241999634986;0.0771583107863768;9.88648178020774;3.44380800338089;158.706250267722;-2.24620490776732;-11.7154727862038;6.45191332319543;232.680124234273;-0.162218609271858;-0.211132382950826;4.09740232504052;215.764741442871;0.0913483241694497;9.57132325826598;3.39719053070202;160.544464679116;-2.8403171307924;-11.9574369349348;6.55323129145166;232.187304803096;-0.110846184796771;-0.0475439889520471;5.13420533631194;0.998457962040445;0.00126859975816707;0.0554985467620149;-0.00394720891279598;0.998830795670623;0.0481815437879315;-0.0553725345260692;-0.0483263103768868;0.997295568096799;-0.375542204836993;-0.364777327848457;5.10335108978052;0.998031597657887;-0.0269206760845461;0.0566410387934105;0.0239261594902515;0.998313241545532;0.0528981157216338;-0.0579695520811808;-0.0514387884188893;0.996992267812296;2.17475008678547;0.408835635298763;52.2188654671168;2.16710265182338;0.373468176947266;53.545354449425;0.079;-0.026;0.04;-0.012;-0.033;-0.02;0.015;-0.024
1927061;R;2017-11-20_14.57.09;True;True;;61.4;PR FF;SHAMIR;71;B;1.586;5.325;-4.31;0;10;2.445;-12;0;0;NaN;2;0;0;4;0;0;NaN;NaN;NaN;0;0.612;2;1.9227;0.0458;117.955;0.0133;-1.5911;4.0334;0.0279;171.832;-0.8157;4.5097;2.396;0.1723;108.569;0.01;0.5121;2.1018;True;0;0;359.999999537122;-0.0257556166256442;-6.60304397914879E-18;0;1;True;-5.55234104204095;4.44143455151098;269.374069811916;1.77299084145573E-17;0.0209123526545518;0;49.8118;0;True;0.34681252623893;0.199666931711695;0.00161740403753588;0.058799704061135;0.0235767022397479;-0.0817351877268221;0.11257917801309;3.95575628154641;313.336603235352;-0.0676432648594679;9.89805215216515;2.79385787665467;13.7333851695176;2.27690668060641;-11.693060370848;6.5825453786346;299.932878592068;-0.426854672673496;-0.0855715918369819;3.93040523447182;311.587477023211;-0.411832662410666;9.6994051061898;2.64996838094821;12.8224140286112;1.9292768693141;-11.8931403594315;6.58336219574768;299.333154160087;0.0925386591516275;-0.0721091143147208;5.08828115303226;0.998808981323652;-0.000455440551293926;-0.048789459938722;0.00333047968492157;0.9982605500674;0.0588623995790265;0.0486777847922053;-0.0589547856669574;0.997073119943912;-0.259453368211165;-0.274195786022879;5.09276267266205;0.998971325470217;-0.000563534364405248;-0.0453428419631965;0.00332498989940412;0.998141423216758;0.0608493525108832;0.0452242781086458;-0.0609375228233393;0.997116534303642;2.17475008678546;0.408835635298749;127.781134532882;2.11340180218815;0.318043747463584;120.45719985149;0.068;-0.028;0.044;-0.021;-0.047;-0.03;0.037;-0.03
1929534;L;2017-11-20_13.48.37;True;False;;70;PR FF;INDO;10021;B;1.586;3.442;-4.826;0;8;2.5;-14;0;0;NaN;-10;0;0;NaN;NaN;NaN;NaN;NaN;NaN;0;-2.922;2;-9.9166;0.0971;129.908;0.3002;4.7556;-7.8441;0.1938;109.312;-2.9041;4.2578;-9.5411;0.2797;44.243;0.2709;-2.8567;2.1208;True;-0.038554097264058;-0.0768866014479214;0.027711602881957;-0.0178179825658872;-1.34012075328433E-18;0;0;False;999.9;999.9;999.9;1.04205479667549E-17;-0.0256053519866846;0;58.5452;20060;True;0.0624561877479728;-0.33349652842595;1.11185944290739;0.0773458905803459;0.0766438892104028;0.0576965000714082;0.077780570272056;6.52140758354353;240.870871937386;0.0445586696772057;7.82002294037637;4.4702271680805;134.738342046867;-2.11382115171056;-12.83815077447;19.6370153032242;253.687494052678;0.00237224072540115;0.40119913022871;6.23764507414174;238.797977515163;0.141832604514403;8.14134101696617;4.6676673249879;130.547350873229;-2.4305031482056;-12.4981930766489;19.4105097241271;252.619931219824;-0.0311740730826645;-0.0817030445833324;4.57978976580779;0.998401199405574;0.000271103011919581;0.0565240791934555;-0.00288759201144167;0.998927422073333;0.0462132799344499;-0.0564509241544066;-0.0463026125945535;0.997331119152026;-0.0871598249216751;0.253372395695258;4.59200271584876;0.99825923842055;-0.0190862205766782;0.0558050991587841;0.0165089059383129;0.998791802926319;0.0462859636597662;-0.0566210997132984;-0.0452841096996689;0.997368237150134;-9.94606097518065;0.0935002211879;30.0820049429954;-9.93564486713364;0.0695578272968382;111.442811764957;0.106;-0.043;0.088;-0.057;-0.03;0.069;-0.049;-0.055
1929534;R;2017-11-20_13.48.37;True;False;;70;PR FF;INDO;10021;B;1.586;3.443;-4.842;0;8;2.5;-14;0;0;NaN;-8;-2;45;NaN;NaN;NaN;NaN;NaN;NaN;0;-2.922;2;-7.9591;-1.8904;44.14;-0.4955;4.0907;-5.6097;-1.868;41.926;1.476;3.4642;-9.5757;2.1599;134.266;0.267;-2.7685;2.3606;True;-0.0535460551390002;-0.113570918203028;359.864873028436;0.0185991000260524;-7.73956027454163E-18;0;1;False;999.9;999.9;999.9;9.47672257789766E-18;-0.0235830534993229;0;58.4982;20060;True;0.15420945895648;-0.403650074042735;0.808676040886698;0.0658182218849983;0.0702272707144102;-0.043248045179918;0.0319083483355809;6.01416416772629;303.03448968506;0.00741020138841582;7.79980418320162;4.01539930529814;50.6574852059154;2.04746082697463;-13.0044789709698;18.4710763497381;290.766286921781;-0.18517446701292;0.425462033226385;5.56102723300749;303.765798411921;-0.0280613067781658;8.19223876685516;4.30422121785588;54.9752865390768;1.73213436842138;-12.6796111779221;18.071820449905;290.251434193509;0.0487570978277103;-0.109601815408777;4.70638987492816;0.998395139048991;-0.00274514542675473;-0.0565650996634153;0.00466318450428794;0.999417586111737;0.0338044861056523;0.0564393571333437;-0.0340140081021664;0.997826460973651;-0.0995236204878203;0.297335320120478;4.72836348970952;0.998257361859505;-0.0168231831806774;-0.0565616477922111;0.018641666162749;0.999321091545761;0.0317780470524072;0.0559886397046525;-0.0327770727713406;0.997893248661682;-8.93605913695218;2.05868781768224;135.579021045473;-8.98231542671141;1.97705358507083;133.587267987935;0.102;-0.052;0.05;-0.069;-0.054;-0.058;-0.012;0.049
1929572;L;2017-11-20_14.05.00;True;True;;70;PR FF;INDO;10021;B;1.586;3.442;-4.826;0;8;2.5;-14;0;0;NaN;-0.5;-2;45;NaN;NaN;NaN;NaN;NaN;NaN;0;-0.6;2;-0.4891;-1.975;44.237;-0.6693;0.4398;1.6288;-1.9649;43.568;1.3855;-0.4657;-2.0415;1.7525;134.312;0.0804;-0.635;2.123;True;-0.0478532518791526;-0.0679316724140656;359.977106329499;0.00198722107733653;-4.54874123436367E-18;0;0;False;999.9;999.9;999.9;1.26035770556754E-17;0.0161532436562854;0;58.2825;20217;True;-0.189710714021961;-1.1323367582241;1.38377784190458;0.133783889435662;0.0351432399593018;-0.0305410860968848;-0.0178738633803778;1.96079643466586;230.068604582366;-0.00066190396771422;7.8696268291668;2.89935790650968;133.064912035128;-2.53714361754228;-13.8503805693573;5.92683829427006;262.311755730358;0.188566527472963;1.09934911157036;1.62902999307019;219.304997346577;0.410740332752571;8.98499121048012;3.22141844813338;126.133515080727;-2.65276110264651;-12.6671075193609;5.61830701676517;260.378601335192;-0.0707708011892167;-0.0659942423341289;5.21076448039338;0.999736994822932;-0.000858255070353647;0.0229173423556922;0.000534036824308932;0.999899745904204;0.0141496623768711;-0.022927188817735;-0.014133702237679;0.999637225434294;0.148495975056103;1.06657221857646;5.22811562519507;0.99945543361909;-0.0250242463532006;0.0215086797300735;0.02484866169089;0.999655997212528;0.00839233276256235;-0.02171129248682;-0.00785330067425215;0.999733437195672;-1.4711511586352;1.8837207367945;136.400471889569;-1.55264375148363;1.965009377789;134.635477603219;0.366;0.104;0.267;0.047;-0.001;-0.004;0.159;0.045
1929572;R;2017-11-20_14.05.00;True;True;;70;PR FF;INDO;10021;B;1.586;3.443;-4.842;0;8;2.5;-14;0;0;NaN;-0.5;0;0;NaN;NaN;NaN;NaN;NaN;NaN;0;-0.6;2;-0.5121;0.0582;15.782;0.0619;-0.3305;1.5482;0.0996;169.874;-0.0607;0.5442;-0.2968;0.2085;138.509;0.0914;-0.5914;2.081;True;0.00442639129326621;-0.103494229390526;0.038818570958119;-0.000582496353590114;-3.54449064371529E-18;0;0;False;999.9;999.9;999.9;1.09631142731769E-17;0.0202856766930081;0;58.1958;20217;True;0.0307916927725325;-0.175733690562958;-0.776841850750321;0.0511439188554844;0.0213738463217054;0.0602491220047648;-0.0312220541026479;2.55227884200026;289.844813608018;0.0655944125091374;7.88009361416411;0.954049522036529;28.4533546349957;2.51799189791855;-13.8956147867396;5.97515329440308;284.991337579062;0.027423833798146;0.142837540791597;2.49111964034423;290.02966569285;-0.0746740591263598;8.05373129677055;0.942473706808457;33.359296135981;2.67365831419957;-13.6858947609568;5.94804028675413;285.325856691602;0.0878205567889518;-0.107554210676415;5.06763406195944;0.999888144387427;-0.000301320359017427;-0.0149535253204194;0.00077427963893347;0.999499254297382;0.0316329124491929;0.0149365057663403;-0.0316409523405793;0.999387688002245;0.0545490638924297;0.0684915877253838;5.07361790055933;0.999809252443694;0.0132476347362602;-0.0143512683020051;-0.0127998847364186;0.999441931577809;0.0308543085281991;0.0147520059217688;-0.0306647285641588;0.999420858669345;-0.472806967088968;0.152852734405826;153.221211417114;-0.552848230916277;0.034074282069487;111.850211125171;0.06;0.037;0.051;0.03;0.011;0.029;0.102;0.004
1929610;L;2017-11-20_14.03.11;True;True;;61.4;PR FF;SHAMIR;71;B;1.586;4.952;-4.171;0;10;2.133;-12;0;0;NaN;-10;0;0;-8;0;0;NaN;NaN;NaN;0;-2.501;2;-10.0142;0.0623;161.92;0.2546;7.2041;-8.0812;0.3308;177.484;-2.9575;2.0142;-9.7067;0.3134;38.566;0.1787;-2.4766;2.0672;True;0;0;359.999999537122;-0.00715146849165344;-1.1381626063479E-20;0;1;False;999.9;999.9;999.9;2.02519989837578E-18;-0.00454719941301071;0;49.5025;20060;True;0.116128657132823;0.0469735064552612;0.744835735293073;0.0892559632604396;0.0475791737833444;0.0180128315307777;0.0794446210005383;2.92716719766721;232.503205618985;0.039669276920502;9.74787242955346;7.7521708970678;102.874269430305;-1.96976305831757;-11.2991985363281;13.2064667224029;253.624225998188;-0.0959479861072539;0.0353692705041573;3.03318855644553;231.311344639847;0.0514242152854552;9.70388324855576;7.70511172574269;102.861229603399;-2.2294685617676;-11.3127280088664;13.2826378011996;252.723920958979;-0.0313893475024894;0.015053393493486;4.90043466900931;0.999297886858268;-0.000962633549246761;0.037454060624318;0.00083846425944946;0.999994101328385;0.0033308086288658;-0.037457046043246;-0.00329706613315013;0.999292799462013;-0.14855021324244;-0.0303171027303125;4.89588666237228;0.999199350915715;-0.0139250325352177;0.0375066740528653;0.0137900241515211;0.999897478404613;0.00385589341114642;-0.0375565222500063;-0.00333558825258543;0.99928893793912;-9.69947494787477;0.232792322942438;130.111846231376;-9.59401412852517;0.412241283895417;131.212373777731;0.219;-0.05;0.194;-0.049;-0.096;-0.003;0;0
1929610;R;2017-11-20_14.03.11;True;True;;61.4;PR FF;SHAMIR;71;B;1.586;5.208;-4.37;0;10;2.2;-12;0;0;NaN;-4;-2;135;-2;-2;135;NaN;NaN;NaN;0;-2.5;2;-4.0042;-1.9019;134.99;0.9265;2.4963;-1.8552;-2.059;130.44;-0.3978;-6.1415;-5.4314;1.811;45.439;0.0137;-2.2399;2.0704;True;0;0;359.999999537122;0.0184790738491167;-8.99723641053938E-18;0;1;True;-5.35461439300134;4.33587840801691;269.983059366036;1.78463255509149E-17;0.0242857508815105;0;49.7886;0;True;0.201895531102914;0.217053458714827;0.127698577603863;0.0601674559592113;0.0389802748566324;0.0134853104450793;0.117353329145277;4.98128258350625;297.315788584668;-0.00424539800538715;9.90232620979016;4.69143100978789;46.9760812473057;2.12269441493379;-11.4599859606359;12.3621856832263;282.288784453746;-0.185921830790761;-0.0942854293663893;5.06859737151317;294.646873602531;-0.180348198401387;9.69043694107094;4.44180333035494;46.8540437974176;1.89780761043156;-11.6699740283497;12.4768360805414;281.411288715495;0.0767809019875597;-0.00517724746390341;4.9160699125099;0.999260286993923;-0.000435439084318055;-0.0384537284229458;0.00190419781254079;0.999269555552254;0.0381671242968562;0.0384090206528693;-0.0382121150841563;0.998531212027587;-0.127078676458263;-0.222508812225319;4.91535321698495;0.999296265194316;-0.00268998083155459;-0.0374130775507208;0.0041607561463033;0.999219200027731;0.0392896729972687;0.037278176953566;-0.0394176901792479;0.998527207052442;-4.75175682767799;1.98343500305831;46.4661031940946;-4.82386541197994;2.0837963659887;46.2404774836711;0.079;-0.003;0.057;0.005;-0.031;-0.067;0.053;-0.028
1929648;L;2017-11-20_14.41.28;True;False;;61.4;PR FF;SHAMIR;71;B;1.586;1.889;-4.278;0;10;2.5;-12;0;0;NaN;3;-2;90;5;-2;90;NaN;NaN;NaN;0;1.133;2;3.0091;-1.9558;90.798;0.1096;-2.0628;5.2363;-2.0886;90.705;0.5867;6.5031;1.6888;1.8798;3.609;0.0457;1.1474;2.1608;True;-0.0547672470551009;-0.103192937071771;0.00682324512329536;0.00713897495783995;-1.43742200123588E-17;0;0;True;1.8207281383595;4.24614491297354;89.9214258648924;1.40240466788507E-17;0.0213888317616948;0;49.687;0;True;-0.0261508943541533;-0.200533257956022;0.0364228871878058;0.0460570308775041;0.0359219395504823;-0.0251863713356497;-0.0373463209756132;3.7752255856707;246.414700020027;-0.0423701630114893;9.76860768397531;1.54805432098766;163.720302833929;-2.43440910361989;-11.8405274116165;7.22866180380104;247.880088557418;0.000459309607325677;0.163491860962345;3.70142643948427;246.196656546194;-0.00997289490013654;9.97082231737624;1.55487206845519;160.562118003264;-2.41588110095182;-11.6359604742207;7.18369092238103;247.80895530885;-0.107169468546221;-0.225238636695653;5.01338504912565;0.999648000847572;0.000874547500373117;0.026516213306619;-0.00299118352749734;0.996799191412138;0.0798900796170122;-0.026361472313916;-0.0799412732371539;0.996450934873697;-0.0807278079477415;-0.0206643667683464;5.03035946031974;0.999658324371038;0.000250084455430793;0.0261375586743105;-0.00227364503503896;0.996996078457107;0.0774186675124653;-0.026039682293425;-0.0774516429710575;0.996655997798208;2.08422527243892;1.95025881465016;2.72836589321713;2.0865037242669;1.95704803101283;3.05288003226684;0.039;0.08;0.039;0.074;0.034;0.017;0.119;0.075
1929648;R;2017-11-20_14.41.28;True;False;;61.4;PR FF;SHAMIR;71;B;1.586;1.889;-4.278;0;10;2.5;-12;0;0;NaN;3;-2;90;5;-2;90;NaN;NaN;NaN;0;1.133;2;3.0439;-1.95;89.865;-0.0238;-2.1123;5.228;-2.0588;88.871;-0.5673;6.4663;1.7057;1.875;176.684;-0.0084;1.1316;2.1297;True;-0.034829216302388;-0.0745565596517918;359.93712178934;-0.00713897495783992;-1.1751489784414E-17;0;0;True;-1.98874700063214;4.23794795616953;269.775167323812;1.40240466788507E-17;0.0213888317616948;0;49.687;0;True;-0.00221784787177071;-0.0370693348830651;-0.149305125345664;0.0423412195291914;0.0357509692008057;-0.0542901048938922;-0.0535242177541203;2.19422194161402;306.056127099554;-0.0325480212922799;9.75558269725381;2.47984605465777;59.0843275040772;2.35185826299871;-11.8864176945675;5.6215696407676;296.425741416742;-0.0520907220729378;-0.0163496628314469;2.18375825172756;306.280593726308;-0.0556872106816945;9.79295557755153;2.48593982809392;59.5460877815455;2.38478450027691;-11.842316084103;5.61893792025452;296.589100178899;0.0159114690635925;-0.150001680873044;5.27098862212205;0.999740759595849;-0.00213524273835822;-0.0226683555019449;0.00325625530177256;0.998767247289948;0.0495316317343751;0.0225346489682875;-0.0495926050869317;0.998515279360595;0.0181686539949018;-0.112116799911054;5.27286459186161;0.999745238507414;0.000469957873689027;-0.0225662850587186;0.000639446098323067;0.998792205424351;0.0491296396511083;0.0225621184830176;-0.049131553233715;0.998537451118585;2.08422527243893;1.95025881465017;177.271634106783;2.00896150148197;1.98213061378663;179.513540492333;0.037;0.09;0.035;0.09;0.066;0.005;0.137;0.04
1929689;L;2017-11-20_14.34.50;True;False;;61.4;PR FF;SHAMIR;71;B;1.586;1.937;-4.398;0;10;2.5;-12;0;0;NaN;0;0;0;2;0;0;NaN;NaN;NaN;0;-0.751;2;0.0549;0.0299;55.106;0.1263;-0.8874;1.9578;0.028;51.201;0.4005;1.1442;0.5494;0.1882;58.418;0.091;-0.6018;1.902;True;-0.0493332858847845;-0.0824421173610216;0.0783729711761334;0.00191423749053927;-6.09637629929059E-18;0;0;True;1.86095529008423;4.33279276675865;89.9435944457448;1.56897702165781E-17;0.0330347199878622;0;49.6482;0;True;-0.0466522959583038;-0.36603249300634;0.193313432122788;0.0449811203570544;0.0235078032945321;0.00885918808630295;0.00779161268921272;3.40428337950175;264.654692804145;0.00260248837370568;9.85714238100971;1.10669867166878;105.475846100229;-2.44981401776386;-11.8182871193377;7.24817185666477;260.91965329967;0.056262797477997;0.371146182302797;3.25064829064927;264.792634797938;0.0835004202907774;10.2219002785805;1.2623289680549;101.769251916299;-2.44230195720681;-11.4450601695707;7.14928083428186;260.807895334872;-0.00256925508345095;-0.114362894085129;5.01844920641372;0.999984604187162;0.000453473314479219;0.0055304385538187;-0.000712910899881674;0.998894658440904;0.0469995010216012;-0.00550301251073799;-0.0470027201360061;0.998879602931766;0.0456538347321917;0.254729581115671;5.03553340600871;0.999983312911567;-0.00290884425868581;0.00499124468315713;0.0026862253704573;0.999026014680243;0.0440432308688881;-0.00511449818335536;-0.0440290883075016;0.999017157656035;0.0831659852104673;0.130669109010059;58.5357962525267;0.118633950248598;0.164194715865474;63.6027171256629;0.057;0.042;0.044;0.027;0.047;0.016;-0.012;-0.059
1929689;R;2017-11-20_14.34.50;True;False;;61.4;PR FF;SHAMIR;71;B;1.586;1.898;-4.355;0;10;2.5;-12;0;0;NaN;0;-2;45;2;-2;45;NaN;NaN;NaN;0;-0.751;2;0.0495;-1.9984;44.678;-0.9846;0.0234;2.0731;-1.9756;45.548;1.0356;-0.391;-1.4681;2.1179;132.998;0.0009;-0.7586;2.035;True;-0.0330625711312653;-0.0722350871172201;359.952589573098;0.00739358171681444;-7.85628544542054E-18;0;0;True;-1.95724002948857;4.33309165079937;269.838010049682;1.31881941390019E-17;0.0131617934038342;0;49.7255;0;True;0.0343983266428665;0.118791762073152;-0.0781133644893878;0.0470796789623269;0.0372493192499144;0.0732037757538925;-0.00566074004187056;2.32614326126298;286.019174861558;0.118967372475138;9.81301950494972;3.21099482854105;95.6078712375237;2.45950622117345;-11.7822919239041;7.99635105687322;290.905054096058;0.0386770728487826;-0.123494128080863;2.38056740605641;285.52463216517;0.0712063639253452;9.69491770177216;3.15095040634444;95.9961684605041;2.44097510828137;-11.8969163727714;8.03585559048903;290.83361036948;0.0958565198265767;-0.0845933059819375;5.08659932527542;0.999934281669133;-0.00139194011423366;-0.0113795802011549;0.0016941432470421;0.999644981037424;0.0265902569627839;0.011338528189083;-0.0266077881344309;0.999581644183755;0.061177971461106;-0.204529747977599;5.08374205080685;0.999938790514473;-2.7670282321781E-05;-0.0110641067786456;0.000332740506752311;0.999619762699448;0.0275720747216159;0.0110591368654593;-0.0275740685256035;0.999558585695074;-0.919242002551629;2.11697997585999;134.019172321432;-0.991551217405648;2.00058588205286;134.660370867697;0.038;0.041;0.035;0.046;0.027;0.023;0.109;0.011
